inicial,sonho,significado
h,sonhos letra z,"Os significados dos sonhos estão classificados por letra, os sonhos com a letra Z estão nesta página.
Você também poderá fazer uma pesquisa por qualquer palavra usando nossa Pesquisa Personalizada.
Os resultados das buscas através do formulário para pesquisa personalizada é um serviço gratuito gerado pelo Google.
Para que sua pesquisa possa trazer melhores resultados a mesma será feita nos títulos e também nos significados dos sonhos.
Bom sono, bons sonhos e volte sempre.
Por favor, clique em um termo da lista para ler o significado do sonho."
g,sonhar com gummy,"Sonhar com gummy simboliza uma forma leve.
BICHO = Borboleta | GRUPO = 04
DEZENA = 13 | CENTENA = 413 | MILHAR = 4413
: 22 – 36 – 40 – 46 – 58
: 01 – 10 – 19 – 26 – 35 – 54
: 01 – 03 – 04 – 05 – 06 – 10 – 11 – 14 – 15 – 16 – 18 – 19 – 22 – 24 – 25
: 17 – 19 – 27 – 31 – 35 – 42 – 61 – 63 – 71 – 79"
g,sonhar com guru,"Ter um: disposição para perseguir uma idéia, perseverança, dedicação ao trabalho e amigos.
BICHO = Elefante | GRUPO = 12
DEZENA = 47 | CENTENA = 947 | MILHAR = 7947
: 08 – 11 – 22 – 45 – 71
: 07 – 13 – 25 – 33 – 38 – 39
: 02 – 03 – 04 – 05 – 08 – 09 – 12 – 13 – 14 – 16 – 18 – 20 – 23 – 24 – 25
: 03 – 09 – 35 – 42 – 46 – 48 – 50 – 62 – 64 – 69"
e,sonhar com exu,"Mudanças bruscas financeiramente e materiais, porém sem prejuízos.
BICHO = Carneiro | GRUPO = 7
DEZENA = 26 | CENTENA = 226 | MILHAR = 8226
: 21 – 22 – 58 – 66 – 72
: 20 – 36 – 41 – 47 – 50 – 54
: 01 – 02 – 03 – 04 – 05 – 06 – 07 – 08 – 10 – 17 – 18 – 19 – 22 – 23 – 24
: 11 – 15 – 16 – 17 – 28 – 39 – 55 – 60 – 65 – 73"
a,sonhar com aparição,"Sonhar com aparição mostra uma surpresa.
BICHO = Avestruz | GRUPO = 01
DEZENA = 04 | CENTENA = 304 | MILHAR = 8304
: 11 – 17 – 38 – 48 – 57
: 07 – 26 – 34 – 46 – 48 – 57
: 03 – 04 – 05 – 07 – 08 – 11 – 12 – 13 – 14 – 17 – 19 – 22 – 23 – 24 – 25
: 20 – 24 – 25 – 33 – 35 – 41 – 58 – 59 – 61 – 64"
f,sonhar com fuzilamento,"Período desfavorável, que você pode afastar.
BICHO = Cobra | GRUPO = 9
DEZENA = 33 | CENTENA = 233 | MILHAR = 4233
: 02 – 06 – 23 – 62 – 76
: 02 – 09 – 20 – 37 – 46 – 49
: 01 – 04 – 05 – 06 – 07 – 08 – 10 – 13 – 14 – 16 – 17 – 18 – 19 – 20 – 21
: 04 – 11 – 14 – 24 – 30 – 62 – 67 – 76 – 77 – 79"
b,sonhar com búzios,"Reflita sobre a vida e o seu relacionamento com as pessoas que vivem com você.
BICHO = Pavão | GRUPO = 19
DEZENA = 75 | CENTENA = 075 | MILHAR = 3075
: 11 – 21 – 40 – 42 – 45
: 07 – 11 – 12 – 17 – 27 – 60
: 01 – 02 – 04 – 06 – 07 – 13 – 14 – 15 – 18 – 19 – 20 – 21 – 22 – 23 – 24
: 06 – 21 – 26 – 29 – 36 – 39 – 42 – 54 – 59 – 60"
j,sonhar com juventude,"Sonhar com juventude mostra um aproveitar melhor.
BICHO = Pavão | GRUPO = 19
DEZENA = 75 | CENTENA = 575 | MILHAR = 3575
: 14 – 44 – 45 – 52 – 70
: 30 – 40 – 45 – 53 – 57 – 60
: 03 – 05 – 06 – 07 – 09 – 13 – 15 – 16 – 17 – 18 – 19 – 20 – 21 – 23 – 24
: 03 – 08 – 13 – 33 – 52 – 55 – 65 – 69 – 75 – 77"
q,sonhar com quitutes,"Sonhar com quitutes mostra que pequenas coisas podem lhe fazer muito feliz.
BICHO = Tigre | GRUPO = 22
DEZENA = 86 | CENTENA = 086 | MILHAR = 9086
: 11 – 14 – 68 – 70 – 78
: 01 – 05 – 17 – 35 – 43 – 45
: 03 – 06 – 08 – 10 – 12 – 14 – 15 – 16 – 18 – 19 – 21 – 22 – 23 – 24 – 25
: 15 – 18 – 19 – 23 – 47 – 52 – 53 – 67 – 74 – 77"
n,sonhar com nylon,"Sonhar com nylon mostra que deve se importar com outras coisas.
BICHO = Pavão | GRUPO = 19
DEZENA = 73 | CENTENA = 973 | MILHAR = 7973
: 06 – 32 – 43 – 50 – 54
: 02 – 16 – 18 – 42 – 56 – 59
: 02 – 03 – 04 – 07 – 08 – 09 – 10 – 12 – 13 – 14 – 15 – 20 – 21 – 23 – 24
: 02 – 13 – 27 – 29 – 35 – 41 – 47 – 57 – 65 – 68"
i,sonhar com itália,"Sonhar com Itália simboliza uma união.
BICHO = Touro | GRUPO = 21
DEZENA = 81 | CENTENA = 481 | MILHAR = 4481
: 14 – 27 – 29 – 39 – 57
: 10 – 21 – 30 – 32 – 39 – 47
: 01 – 02 – 03 – 08 – 09 – 10 – 14 – 15 – 17 – 18 – 19 – 21 – 22 – 23 – 25
: 01 – 08 – 13 – 18 – 29 – 30 – 43 – 63 – 64 – 65"
i,sonhar com isqueiro,"Sonhar com isqueiro simboliza que deve começar algo.
BICHO = Urso | GRUPO = 23
DEZENA = 92 | CENTENA = 392 | MILHAR = 8392
: 07 – 16 – 37 – 42 – 68
: 12 – 16 – 24 – 25 – 35 – 41
: 02 – 03 – 05 – 07 – 09 – 10 – 13 – 15 – 18 – 19 – 20 – 22 – 23 – 24 – 25
: 02 – 12 – 14 – 38 – 42 – 57 – 63 – 68 – 75 – 77"
o,sonhar com oxum,"Proteção extra em viagens e até mesmo no trânsito da cidade.
BICHO = Carneiro | GRUPO = 7
DEZENA = 26 | CENTENA = 526 | MILHAR = 8526
: 14 – 20 – 57 – 59 – 63
: 04 – 19 – 24 – 27 – 49 – 50
: 01 – 03 – 04 – 07 – 08 – 11 – 12 – 13 – 15 – 19 – 20 – 21 – 23 – 24 – 25
: 04 – 11 – 12 – 18 – 36 – 60 – 62 – 69 – 70 – 74"
i,sonhar com isolar,"Sonhar com isolar simboliza algo para se refletir.
BICHO = Vaca | GRUPO = 25
DEZENA = 49 | CENTENA = 149 | MILHAR = 1149
: 16 – 21 – 43 – 51 – 60
: 03 – 07 – 18 – 54 – 56 – 58
: 02 – 03 – 06 – 07 – 08 – 09 – 10 – 11 – 12 – 17 – 18 – 21 – 22 – 24 – 25
: 22 – 23 – 28 – 42 – 45 – 46 – 52 – 57 – 61 – 70"
o,sonhar com oxigênio,"Sonhar com oxigênio simboliza vida, energia criativa e liberdade.
BICHO = Águia | GRUPO = 2
DEZENA = 05 | CENTENA = 805 | MILHAR = 6805
: 02 – 24 – 33 – 74 – 79
: 19 – 21 – 42 – 52 – 57 – 60
: 01 – 02 – 04 – 05 – 07 – 08 – 12 – 14 – 15 – 16 – 20 – 21 – 22 – 24 – 25
: 03 – 04 – 05 – 09 – 13 – 26 – 49 – 52 – 66 – 79"
m,sonhar com mutirão,"Sonhar com mutirão mostra que você vai ter ajuda.
BICHO = Coelho | GRUPO = 10
DEZENA = 39 | CENTENA = 439 | MILHAR = 4439
: 05 – 22 – 61 – 75 – 78
: 18 – 32 – 51 – 54 – 56 – 57
: 01 – 03 – 05 – 06 – 09 – 10 – 12 – 13 – 15 – 17 – 19 – 21 – 23 – 24 – 25
: 09 – 10 – 11 – 18 – 36 – 44 – 51 – 54 – 63 – 64"
m,sonhar com mutuca,"Sonhar com mutuca simboliza que algo doloroso pode acontecer.
BICHO = Vaca | GRUPO = 25
DEZENA = 00 | CENTENA = 400 | MILHAR = 5400
: 07 – 37 – 42 – 54 – 57
: 12 – 16 – 23 – 29 – 40 – 44
: 01 – 04 – 06 – 07 – 08 – 10 – 11 – 12 – 14 – 16 – 17 – 20 – 21 – 24 – 25
: 05 – 15 – 20 – 24 – 30 – 35 – 37 – 47 – 51 – 52"
o,sonhar com ovos,"Ver: gravidez na família, tudo vai dar certo.
BICHO = Galo | GRUPO = 13
DEZENA = 49 | CENTENA = 449 | MILHAR = 0449
: 33 – 38 – 39 – 53 – 74
: 09 – 15 – 18 – 37 – 43 – 52
: 01 – 02 – 03 – 05 – 06 – 07 – 13 – 14 – 15 – 16 – 17 – 18 – 20 – 23 – 25
: 02 – 05 – 06 – 14 – 20 – 22 – 39 – 41 – 57 – 75"
o,sonhar com ovo de páscoa,"Sonhar com ovo de Páscoa simboliza seu potencial para reavaliar situações e encontrar soluções. Você precisa reconhecer seu próprio potencial e acreditar mais em si mesmo.
BICHO = Coelho | GRUPO = 10
DEZENA = 38 | CENTENA = 238 | MILHAR = 1238
: 34 – 36 – 41 – 46 – 67
: 02 – 16 – 17 – 24 – 41 – 42
: 01 – 03 – 06 – 10 – 11 – 12 – 13 – 14 – 15 – 16 – 18 – 19 – 20 – 23 – 24
: 02 – 11 – 13 – 14 – 35 – 36 – 40 – 49 – 58 – 71"
inicial,sonho,significado
h,sonhar com humilhação,Sonhar com humilhação mostra uma situação financeira.
h,sonhar com humildade,Sonhar com humildade simboliza atenção aos comportamentos.
a,sonhar com arremate,Sonhar com arremate mostra finalizar algo.
e,sonhar com exclusividade,Sonhar com exclusividade demonstra seu momento perfeccionista.
d,sonhar com duração,Sonhar com duração mostra a duração de algo.
d,sonhar com dúvida,Sonhar com dúvida simboliza uma certeza.
i,sonhar com itália,Sonhar com Itália simboliza uma união.
c,sonhar com cyborg,Sonhar com cyborg pode mostrar duas coisas.
d,sonhar com duquesa,Sonhar com duquesa mostra uma prepotência.
m,sonhar com mutuca,Sonhar com mutuca simboliza que algo doloroso pode acontecer.
i,sonhar com isqueiro,Sonhar com isqueiro simboliza que deve começar algo.
c,sonhar com cutucar,Sonhar com cutucar mostra um certo incômodo.
b,sonhar com buzina,"Ouvir uma: quer dizer que receberá boa noticias.
BICHO = Cobra | GRUPO = 9
DEZENA = 34 | CENTENA = 434 | MILHAR = 8434
: 21 – 27 – 58 – 67 – 76
: 11 – 12 – 20 – 24 – 36 – 41
: 02 – 04 – 05 – 07 – 08 – 09 – 11 – 13 – 17 – 18 – 19 – 20 – 22 – 23 – 24
: 04 – 11 – 20 – 24 – 31 – 42 – 57 – 61 – 66 – 76"
q,sonhar com quiropraxista,Sonhar com quiropraxista simboliza em como deve proceder daqui para frente.
q,sonhar com quitinete,Sonhar com quitinete simboliza uma pressão sofrida no trabalho.
q,sonhar com quitanda,"Ver uma: amor correspondido.
BICHO = Tigre | GRUPO = 22
DEZENA = 88 | CENTENA = 588 | MILHAR = 4588
: 01 – 10 – 24 – 33 – 72
: 03 – 05 – 21 – 35 – 46 – 56
: 02 – 03 – 08 – 09 – 11 – 12 – 13 – 14 – 16 – 17 – 18 – 19 – 21 – 23 – 24
: 02 – 15 – 19 – 25 – 40 – 42 – 46 – 52 – 56 – 74"
q,sonhar com quitutes,Sonhar com quitutes mostra que pequenas coisas podem lhe fazer muito feliz.
b,sonhar com bússola,Sonhar com bussola simboliza que tem a sua vida bem organizada. Você segue regras e tem princípios. Você tem seu caminho traçado e sabe o que quer.
b,sonhar com buscar,Sonhar com buscar mostra a busca de objetivos.
b,sonhar com búzios,"Reflita sobre a vida e o seu relacionamento com as pessoas que vivem com você.
BICHO = Pavão | GRUPO = 19
DEZENA = 75 | CENTENA = 075 | MILHAR = 3075
: 11 – 21 – 40 – 42 – 45
: 07 – 11 – 12 – 17 – 27 – 60
: 01 – 02 – 04 – 06 – 07 – 13 – 14 – 15 – 18 – 19 – 20 – 21 – 22 – 23 – 24
: 06 – 21 – 26 – 29 – 36 – 39 – 42 – 54 – 59 – 60"
b,sonhar com busto,"Sonhar com busto simboliza sua cabeça, seus pensamentos."
p,sonhar com púrpura,"Elevação espiritual e proteção divina.
BICHO = Cobra | GRUPO = 9
DEZENA = 35 | CENTENA = 235 | MILHAR = 1235
: 13 – 15 – 29 – 70 – 71
: 08 – 14 – 18 – 19 – 22 – 50
: 01 – 02 – 05 – 07 – 08 – 09 – 13 – 14 – 15 – 16 – 18 – 19 – 22 – 24 – 25
: 09 – 38 – 39 – 44 – 45 – 48 – 54 – 66 – 76 – 78"
p,sonhar com purpurina,Sonhar com purpurina simboliza o sucesso e reconhecimento que se aproximam.
b,sonhar com busca,Sonhar com busca simboliza como andam suas atenções.
b,sonhar com bútio,Sonhar com bútio mostra que pode espalhar algo.
b,sonhar com burro,"Com insistência, fé e pensamento positivo, tudo pode ser conseguido.
BICHO = Porco | GRUPO = 18
DEZENA = 71 | CENTENA = 571 | MILHAR = 4571
: 07 – 37 – 51 – 52 – 53
: 09 – 15 – 17 – 27 – 33 – 53
: 01 – 02 – 04 – 05 – 06 – 07 – 08 – 09 – 10 – 12 – 16 – 18 – 19 – 24 – 25
: 12 – 16 – 22 – 32 – 43 – 55 – 68 – 70 – 76 – 78"
p,sonhar com pureza,Sonhar com pureza simboliza seu olhar sobre as coisas.
p,sonhar com purê de batata,Sonhar com purê de batata simboliza que você passará por bons momentos.
p,sonhar com purificador de ar,Sonhar com purificador de ar simboliza que as coisas estão fluindo bem.
inicial,significado,sonho
a,"Branco:- Felicidade e alegria. (adsbygoogle = window.adsbygoogle || []).push({}); Colorido:- um novo amor, um casamento há muito esperado. Escuro:- cuidado com a inveja e a intriga.",sonhar com azulejo
h,"Significado dos sonhos com a letra Z Os significados dos sonhos estão classificados por letra, os sonhos com a letra Z estão nesta página. (adsbygoogle = window.adsbygoogle || []).push({}); Clique em um termo entre os listados abaixo para visualizar o seu significado. Você também poderá fazer uma pesquisa por qualquer palavra usando nossa Pesquisa Personalizada. Os resultados das buscas através do formulário para pesquisa personalizada é um serviço gratuito gerado pelo Google. Para que sua pesquisa possa trazer melhores resultados a mesma será feita nos títulos e também nos significados dos sonhos. Bom sono, bons sonhos e volte sempre. Por favor, clique em um termo da lista para ler o significado do sonho. (adsbygoogle = window.adsbygoogle || []).push({}); Lista de sonhos e significados Zabumba Zarpar Zebra Zebu Zéfiro Zelador Zelo Zero Zigoto Zigue-zague Zinco Zíper Zircão Zircônia Zoar Zodíaco Zombaria Zona Zona rural Zoneamento Zoogenia Zoológico Zoonoses Zumba Zumbi Zumbido Zumbido no ouvido Zumbir Zunir Zurrar Zurro ﻿ Significado dos sonhos Sonhos A Sonhos B Sonhos C Sonhos D Sonhos E Sonhos F Sonhos G Sonhos H Sonhos I Sonhos J Sonhos L Sonhos M Sonhos N Sonhos O Sonhos P Sonhos Q Sonhos R Sonhos S Sonhos T Sonhos U Sonhos V Sonhos X Sonhos Z",sonhos letra z
a,"Felicidade à vista, muito em breve. (adsbygoogle = window.adsbygoogle || []).push({}); Um bom e feliz casamento se realizará. Fidelidade conjugal e amigos sinceros.",sonhar com azulão
e,"Mudanças bruscas financeiramente e materiais, porém sem prejuízos. (adsbygoogle = window.adsbygoogle || []).push({}); Sorte no jogo. Vai sofrer uma desilusão no amor.",sonhar com exu
b,Reflita sobre a vida e o seu relacionamento com as pessoas que vivem com você. (adsbygoogle = window.adsbygoogle || []).push({}); Mude o que precisa ser mudado.,sonhar com búzios
j,"Sonhar com juventude mostra um aproveitar melhor. (adsbygoogle = window.adsbygoogle || []).push({}); As coisas podem ficar pesadas ou cansativas para você, e por algumas vezes pode haver uma reclamação de sua parte, algo que o deixa insatisfeito e está tudo bem, mas não deixe que isso se prolongue assim como a juventude, o tempo passa e você deve viver da melhor maneira possível o tempo presente, seja feliz no seu a dia não espere nada grande, nada extraordinário, os pequenos momentos devem ser muito bem vividos por agora.",sonhar com juventude
f,"Período desfavorável, que você pode afastar. (adsbygoogle = window.adsbygoogle || []).push({}); Ocupe seu coração com sentimentos elevados e reze mais. Seja sincero.",sonhar com fuzilamento
f,"Ver um: viagem inesperada, geralmente em companhia dos filhos. (adsbygoogle = window.adsbygoogle || []).push({}); Estar empunhando um fuzil: desilusão amorosa, infidelidade conjugal; aborrecimentos passageiros, em especial com os filhos.",sonhar com fuzil
f,"Sonhar com fuvest simboliza uma preocupação sua com algo bem específico. (adsbygoogle = window.adsbygoogle || []).push({}); Você está mais nervoso e ansioso por algo que está para acontecer, este fato pode ser bom ou ruim, na verdade você já sabe muito bem o que irá lhe deixar assim, e por isso sonha com a fuvest. Este é um momento de tensão e ansiedade, por isso procure se distrair um pouco e fazer com que as coisas aconteçam da maneira mais leve possível. Não se preocupe, tudo irá correr muito bem, afinal você tem a vantagem de saber exatamente o que lhe deixa assim, por isso se acalme, logo tudo voltara ao normal.",sonhar com fuvest
f,"Sonhar com futuro mostra que você pode estar muito ansioso para o mesmo. (adsbygoogle = window.adsbygoogle || []).push({}); Seja por saber ou esperar por algo que irá acontecer ou até por curiosidade de saber o que está por vir. Saiba que qualquer ansiedade ou expectativa perante o futuro é muito comum, o que não deve acontecer é este lhe tirar o sono ou desviar demais sua atenção para as coisas que ainda estão por vir. Faz parte do futuro não saber o que irá acontecer, esta é a verdadeira magia de não se saber o que acontecerá. Por isso tenha calma, o que tanto deseja pode sim acontecer, basta dar tempo ao tempo.",sonhar com futuro
l,"Sonhar com luzes mostra, esperança. (adsbygoogle = window.adsbygoogle || []).push({}); Você pode estar passando ou então logo enfrentará um questão difícil a você, e estás luzes em sonho, fazem você perceber que sim, há solução, por mais difícil que uma situação possa lhe parecer por agora, há sim maneiras de melhorar, mesmo que para isso o tempo precise passar, e apenas ele curar o que existe agora, mas saiba, as coisa só podem melhorar e então você deve perceber isso, a esperança o deixará mais forte agora então continuar e caminhar de maneira mais forte e focado.",sonhar com luzes
l,"Sonhar com luzes de Natal mostra esperança. (adsbygoogle = window.adsbygoogle || []).push({}); Este clima de Natal faz com que as coisas sejam feitas e vistas de uma maneira mais leve, onde há esperança para aqueles momentos mais difíceis e este pode ser o seu caso, e se não é, o olhar para o outro fica mais sensível. Por isso tente ter este olhar que se tem na época de Natal, onde as coisas são uma loucura, mas que todos conseguimos fazer e prestar atenção em pequenas coisas que talvez na correria não se vê. Isso é importante.",sonhar com luzes de natal
q,"Sonhar com quitutes mostra que pequenas coisas podem lhe fazer muito feliz. (adsbygoogle = window.adsbygoogle || []).push({}); Assim como os quitutes que são “futilidades”, mas que trazem prazer e sabor a vida, o sonho com os quitutes mostra que você deve valorizar estas pequenas coisas que acontecem em sua vida. A cada dia é possível perceber e retirar algo bom e que lhe traga satisfação, são coisas pequenas, mas que são elas que dão sabor a vida. Querer que algo grande e importante aconteça, para assim ficar satisfeito pode lhe trazer frustrações, então deixar que perceba as pequenas coisas da vida, coisas essas que podem e devem ser vividas todos os dias.",sonhar com quitutes
q,"Sonhar com quitinete simboliza uma pressão sofrida no trabalho. (adsbygoogle = window.adsbygoogle || []).push({}); Muitas vezes somos sobrecarregados em nossas funções no trabalho. Cobranças em relação a vendas também podem ser o foco da pressão que está sentindo. A quitinete no sonho, simboliza está pressão que está sentindo. Se prepare e enfrente a situação, não é preciso contrariar ou até mesmo falar tudo o que pensa, muitas vezes você pode ser mal visto ou ficar marcado. Faça algo para o seu bem, mas de maneira sutil.",sonhar com quitinete
o,"Proteção extra em viagens e até mesmo no trânsito da cidade. (adsbygoogle = window.adsbygoogle || []).push({}); Cuidado com assalto. No amor, paixão e muito calor nas relações.",sonhar com oxum
j,"Nem todos merece sua confiança, tenha cautela. (adsbygoogle = window.adsbygoogle || []).push({}); Mantenha discrição sobre seu romance.",sonhar com justiça
q,"Ver uma: amor correspondido. (adsbygoogle = window.adsbygoogle || []).push({}); Fazer compras numa: problemas financeiros passageiros, podendo ser resolvidos com a ajuda de um velho amigo ou um parente distante.",sonhar com quitanda
